<?xml version="1.0" encoding="UTF-8"?>
<mappings xmlns="http://dozer.sourceforge.net"
          xmlns:xsi="http://www.w3.org/2001/XMLSchema-instance"
          xsi:schemaLocation="http://dozer.sourceforge.net
          http://dozer.sourceforge.net/schema/beanmapping.xsd">

    <mapping>
        <class-a>dozer.DozerHelloWorldXML.Source</class-a>
        <class-b>dozer.DozerHelloWorldXML.Destination</class-b>
        <field>
            <a>message</a>
            <b>text</b>
        </field>
    </mapping>
</mappings> 
      